language,value_type,matrix_size,time"python","Int",6,47.03044891357422
"python","Int",6,49.03125762939453
"python","Int",6,46.92673683166504
"python","Int",6,47.03092575073242
"python","Int",6,46.03171348571777
